{
    "best_config": {
        "lr": 0.0001,
        "batch_size": 32,
        "hidden_1": 256,
        "hidden_2": 128,
        "loss_type": "focal_loss"
    },
    "final_validation_loss": 0.04751643653699747,
    "final_validation_accuracy": 0.913946587537092,
    "seed": 42
}