{
    "best_config": {
        "lr": 0.0001,
        "batch_size": 16,
        "hidden_1": 256,
        "hidden_2": 128,
        "loss_type": "focal_loss"
    },
    "final_validation_loss": 0.10463839030417148,
    "final_validation_accuracy": 0.8697068403908795,
    "seed": 3
}