{
    "best_config": {
        "lr": 0.0001,
        "batch_size": 32,
        "hidden_1": 256,
        "hidden_2": 64,
        "loss_type": "focal_loss"
    },
    "final_validation_loss": 0.054178810147277545,
    "final_validation_accuracy": 0.9169139465875371,
    "seed": 5
}