{
    "best_config": {
        "lr": 0.0001,
        "batch_size": 16,
        "hidden_1": 128,
        "hidden_2": 64,
        "loss_type": "focal_loss"
    },
    "final_validation_loss": 0.09693082344629148,
    "final_validation_accuracy": 0.8697068403908795,
    "seed": 5
}